SOURCE,Summary Topics x13,Summary Category x13,Summary Category x19,Summary Category 2,CATEGORY / SUB-CATEGORY / SUBJECT / TOPIC,CATEGORY / SUB-CATEGORY,"""See also"" [from ShopTags]"
BlogCategories,,-,"Archives, Museums, Libraries",,Archives and archivists,,
MediaCategories,,-,"Archives, Museums, Libraries",,Archives and archivists,,
CatalogueTaxonomyTerms,,-,"Archives, Museums, Libraries",,Archives and libraries,,
CatalogueTaxonomyTerms,,-,"Archives, Museums, Libraries",,Events and exhibitions,,
ImageLibraryCategories,,-,"Archives, Museums, Libraries",,Events and exhibitions,,
MediaCategories,,-,"Archives, Museums, Libraries",,Information Management,,
BlogCategories,,-,"Archives, Museums, Libraries",,Managing information,,
ImageLibraryCategories,,-,"Archives, Museums, Libraries",,Manuscripts,,
CatalogueTaxonomyTerms,,-,"Archives, Museums, Libraries",,Museums and galleries,,
CatalogueTaxonomyTerms,,-,"Archives, Museums, Libraries",,Official publications,,
MediaCategories,,-,-,,Audio,,
BlogCategories,,-,-,,Behind the scenes,,
MediaCategories,,-,-,,Big Ideas,,
MediaCategories,,-,-,,British Sign Language (BSL),,
MediaCategories,,-,-,,Introductions,,
MediaCategories,,-,-,,On the Record,,
ResearchGuidesCategoriesSubcategories,,-,-,,Online collections,Army and militia,
ResearchGuidesCategoriesSubcategories,,-,-,,Online collections,"Births, marriages and deaths",
ResearchGuidesCategoriesSubcategories,,-,-,,Online collections,Census and other national surveys,
ResearchGuidesCategoriesSubcategories,,-,-,,Online collections,Civilian occupations,
ResearchGuidesCategoriesSubcategories,,-,-,,Online collections,"Courts, criminals and prisoners",
ResearchGuidesCategoriesSubcategories,,-,-,,Online collections,Domestic politics,
ResearchGuidesCategoriesSubcategories,,-,-,,Online collections,First World War,
ResearchGuidesCategoriesSubcategories,,-,-,,Online collections,Maps,
ResearchGuidesCategoriesSubcategories,,-,-,,Online collections,Medals and awards,
ResearchGuidesCategoriesSubcategories,,-,-,,Online collections,Merchant Navy,
ResearchGuidesCategoriesSubcategories,,-,-,,Online collections,Migration,
ResearchGuidesCategoriesSubcategories,,-,-,,Online collections,Military courts and conscription,
ResearchGuidesCategoriesSubcategories,,-,-,,Online collections,Prisoners of war,
ResearchGuidesCategoriesSubcategories,,-,-,,Online collections,Royal Air Force and other air services,
ResearchGuidesCategoriesSubcategories,,-,-,,Online collections,Royal Navy and Royal Marines,
ResearchGuidesCategoriesSubcategories,,-,-,,Online collections,Second World War,
ResearchGuidesCategoriesSubcategories,,-,-,,Online collections,Wills and death duties,
MediaCategories,,-,-,,Podcasts,,
BlogCategories,,-,-,,Records and research,,
ResearchGuidesCategoriesSubcategories,,-,-,,Records for current legal purposes,,
ShopTags,,-,-,,Remembrance,,World War I; World War II
MediaCategories,,-,-,,Video,,
MediaCategories,,-,-,,Voices of the Armistice,,
MediaCategories,,-,-,,War on Film,,
MediaCategories,,-,-,,What's Online,,
ResearchGuidesSubcategoriesCategories,,?,?,,Local history,Land and maps,
ASDTopics,,?,?,,London,,
ShopTags,,?,?,,London,,
ImageLibraryCategories,,?,?,,Places,,
ImageLibraryCategories,,?,?,,Posters,,
CatalogueTaxonomyTerms,,?,?,,UFOs,,
ASDTopics,,[period],[period],,Medieval and Early Modern,,
ResearchGuidesSubcategoriesCategories,,[period],[period],,Medieval and Early Modern,Political and economic history,
ResearchGuidesCategoriesSubcategories,,[period],[period],,Medieval and early modern history,Church and religion,
ResearchGuidesCategoriesSubcategories,,[period],[period],,Medieval and early modern history,Family history,
ResearchGuidesCategoriesSubcategories,,[period],[period],,Medieval and early modern history,Foreign affairs and diplomacy,
ResearchGuidesCategoriesSubcategories,,[period],[period],,Medieval and early modern history,Household ceremonial and culture,
ResearchGuidesCategoriesSubcategories,,[period],[period],,Medieval and early modern history,Landholding and inheritance,
ResearchGuidesCategoriesSubcategories,,[period],[period],,Medieval and early modern history,Law and justice,
ResearchGuidesCategoriesSubcategories,,[period],[period],,Medieval and early modern history,Military history,
ResearchGuidesCategoriesSubcategories,,[period],[period],,Medieval and early modern history,Politics and government,
ResearchGuidesCategoriesSubcategories,,[period],[period],,Medieval and early modern history,Trade and economy,
ImageLibraryCategories,,[period],[period],,Victoriana and Edwardiana,,
ASDTopics,Arts and Culture,"People, Society and Culture",Sport,,2012 Olympics,,
CatalogueTaxonomyTerms,International Trade and Affairs,The World,The World,,Africa,,
CatalogueTaxonomyTerms,International Trade and Affairs,The World,The World,Money and Finance,Aid and development,,
CatalogueTaxonomyTerms,Military and Maritime,"Military, War and Conflict",Military and Maritime,War and Conflict,Air Force,,
CatalogueTaxonomyTerms,Transport and Travel,Transport and Travel,Transport and Travel,,Air transport,,
CatalogueTaxonomyTerms,International Trade and Affairs,The World,The World,,Americas,,
CatalogueTaxonomyTerms,Arts and Culture,Land and Buildings,Land and Buildings,,Ancient Monuments and Historical Buildings,,
ShopTags,Agriculture and Environment,Agriculture and Environment,Nature and Environment,,Animals,,
ASDTopics,Land and Buildings,Land and Buildings,Land and Buildings,,"Architecture, Building and Construction",,
CatalogueTaxonomyTerms,Military and Maritime,"Military, War and Conflict",Military and Maritime,War and Conflict,Armed Forces (General Administration),,
ShopTags,War and Conflict,"Military, War and Conflict",War and Conflict,,Armistice,,
CatalogueTaxonomyTerms,Military and Maritime,"Military, War and Conflict",Military and Maritime,War and Conflict,Army,,
ResearchGuidesSubcategoriesCategories,Military and Maritime,"Military, War and Conflict",Military and Maritime,War and Conflict,Army,First World War,
ResearchGuidesSubcategoriesCategories,Military and Maritime,"Military, War and Conflict",Military and Maritime,War and Conflict,Army,Second World War,
ResearchGuidesSubcategoriesCategories,Military and Maritime,"Military, War and Conflict",Military and Maritime,War and Conflict,Army and militia,Family history,
ResearchGuidesSubcategoriesCategories,Military and Maritime,"Military, War and Conflict",Military and Maritime,War and Conflict,Army and militia,Military and maritime,
ResearchGuidesSubcategoriesCategories,Military and Maritime,"Military, War and Conflict",Military and Maritime,War and Conflict,Army and militia,Online collections,
ASDTopics,Arts and Culture,"Arts, Design and Media","Arts, Design and Media",,Art,,
CatalogueTaxonomyTerms,Arts and Culture,"Arts, Design and Media","Arts, Design and Media",,"Art, architecture and design",,
CatalogueTaxonomyTerms,International Trade and Affairs,The World,The World,,Asia,,
CatalogueTaxonomyTerms,International Trade and Affairs,The World,The World,,Australia and Pacific,,
CatalogueTaxonomyTerms,Military and Maritime,"Military, War and Conflict",Military and Maritime,War and Conflict,Badges and insignia,,Medals
CatalogueTaxonomyTerms,"Business, Finance and Innovation","Money, Business, Finance and Trade",Money and Finance,,Banking,,
ShopTags,War and Conflict,"Military, War and Conflict",War and Conflict,Military and Maritime,Battle of Britain,,World War II
ResearchGuidesSubcategoriesCategories,Family and Identity,"People, Society and Culture","People, Society and Culture",,"Births, marriages and deaths",Family history,
ResearchGuidesSubcategoriesCategories,Family and Identity,"People, Society and Culture","People, Society and Culture",,"Births, marriages and deaths",First World War,
ResearchGuidesSubcategoriesCategories,Family and Identity,"People, Society and Culture","People, Society and Culture",,"Births, marriages and deaths",Military and maritime,
ResearchGuidesSubcategoriesCategories,Family and Identity,"People, Society and Culture","People, Society and Culture",,"Births, marriages and deaths",Online collections,
ResearchGuidesSubcategoriesCategories,Family and Identity,"People, Society and Culture","People, Society and Culture",,"Births, marriages and deaths",Second World War,
ASDTopics,Family and Identity,"People, Society and Culture","People, Society and Culture",The World,Black and Minority Ethnic History,,
ShopTags,War and Conflict,"Military, War and Conflict",War and Conflict,,Bletchley Park,,Intelligence; World War II
ShopTags,War and Conflict,"Military, War and Conflict",War and Conflict,,Blitz,,World War II
ASDTopics,"Business, Finance and Innovation",Agriculture and Environment,Food and Agriculture,,Brewing,,
ImageLibraryCategories,Land and Buildings,Land and Buildings,Land and Buildings,,Buildings and architecture,,
ASDTopics,"Business, Finance and Innovation","Money, Business, Finance and Trade",Trade and Industry,,Business,,
CatalogueTaxonomyTerms,Transport and Travel,Transport and Travel,Transport and Travel,,Canals and river transport,,
CatalogueTaxonomyTerms,International Trade and Affairs,The World,The World,,Caribbean,,
CatalogueTaxonomyTerms,Family and Identity,"People, Society and Culture","People, Society and Culture",,Census,,
ResearchGuidesSubcategoriesCategories,Family and Identity,"People, Society and Culture","People, Society and Culture",,Census and other national surveys,Family history,
ResearchGuidesSubcategoriesCategories,Family and Identity,"People, Society and Culture","People, Society and Culture",,Census and other national surveys,Online collections,
ShopTags,International Trade and Affairs,The World,The World,,Channel Islands,,
CatalogueTaxonomyTerms,State and Citizens,"People, Society and Culture","People, Society and Culture",Money and Finance,Charities,,
ASDTopics,State and Citizens,"People, Society and Culture","People, Society and Culture",Money and Finance,Charities and philanthropy,,
CatalogueTaxonomyTerms,State and Citizens,State and Citizens,Oppression and Revolution,Politics and Law,Chartism,,
CatalogueTaxonomyTerms,Family and Identity,"People, Society and Culture","People, Society and Culture",,Children,,
ShopTags,Religion and Belief,Religion,Religion,,Church and clergy,,
ResearchGuidesSubcategoriesCategories,Land and Buildings,Land and Buildings,Land and Buildings,Religion,Church and crown lands,Land and maps,
ResearchGuidesSubcategoriesCategories,Religion and Belief,Religion,Religion,,Church and religion,Medieval and early modern history,
ResearchGuidesSubcategoriesCategories,"Crime, Courts and Justice",State and Citizens,Politics and Law,,Civil court cases and litigation,"Criminals, courts and prisons",
ResearchGuidesSubcategoriesCategories,Family and Identity,"Military, War and Conflict",War and Conflict,Trade and Industry,Civilian occupations,Online collections,
CatalogueTaxonomyTerms,Family and Identity,"People, Society and Culture","People, Society and Culture",,Clothing,,
CatalogueTaxonomyTerms,"Business, Finance and Innovation","Science, Technology and Industry",Trade and Industry,Nature and Environment,Coal,,
ShopTags,War and Conflict,"Military, War and Conflict",War and Conflict,,Cold War,,Intelligence
ResearchGuidesSubcategoriesCategories,International Trade and Affairs,The World,The World,,Colonial affairs and colonies,Foreign and colonial history,
ResearchGuidesSubcategoriesCategories,International Trade and Affairs,The World,The World,,Colonial affairs and colonies,Political and economic history,
ImageLibraryCategories,International Trade and Affairs,The World,The World,,Colonial and Empire,,
CatalogueTaxonomyTerms,Land and Buildings,Land and Buildings,Land and Buildings,,Common land,,
CatalogueTaxonomyTerms,Arts and Culture,"Arts, Design and Media","Arts, Design and Media",,Communications,,
CatalogueTaxonomyTerms,State and Citizens,State and Citizens,Oppression and Revolution,Politics and Law,Communism,,
CatalogueTaxonomyTerms,"Business, Finance and Innovation","Science, Technology and Industry",Science and Technology,,Computing,,
CatalogueTaxonomyTerms,War and Conflict,"Military, War and Conflict",War and Conflict,,Conflict,,
CatalogueTaxonomyTerms,War and Conflict,"Military, War and Conflict",War and Conflict,,Conscientious objection,,World War I; World War II
ShopTags,Agriculture and Environment,Agriculture and Environment,Nature and Environment,,Conservation,,
CatalogueTaxonomyTerms,Land and Buildings,Land and Buildings,Land and Buildings,Trade and Industry,Construction industries,,
CatalogueTaxonomyTerms,Land and Buildings,Land and Buildings,Land and Buildings,Money and Finance,Conveyancing,,
ShopTags,"Crime, Courts and Justice",Crime and Justice,Crime and Justice,,Courts and trials,,Legal; Litigation
ResearchGuidesSubcategoriesCategories,"Crime, Courts and Justice",Crime and Justice,Crime and Justice,,"Courts, criminals and prisoners",Online collections,
ResearchGuidesSubcategoriesCategories,"Crime, Courts and Justice",Crime and Justice,Crime and Justice,,"Courts, criminals, prisoners and litigants",Family history,
CatalogueTaxonomyTerms,"Crime, Courts and Justice",Crime and Justice,Crime and Justice,,Crime,,Jack the Ripper
ImageLibraryCategories,"Crime, Courts and Justice",Crime and Justice,Crime and Justice,,Crime,,
ResearchGuidesSubcategoriesCategories,"Crime, Courts and Justice",Crime and Justice,Crime and Justice,,Criminals and criminal court cases,"Criminals, courts and prisons",
ResearchGuidesCategoriesSubcategories,"Crime, Courts and Justice",Crime and Justice,Crime and Justice,,"Criminals, courts and prisons",Civil court cases and litigation,
ResearchGuidesCategoriesSubcategories,"Crime, Courts and Justice",Crime and Justice,Crime and Justice,,"Criminals, courts and prisons",Criminals and criminal court cases,
ResearchGuidesCategoriesSubcategories,"Crime, Courts and Justice",Crime and Justice,Crime and Justice,,"Criminals, courts and prisons",Divorce,
ResearchGuidesCategoriesSubcategories,"Crime, Courts and Justice",Crime and Justice,Crime and Justice,,"Criminals, courts and prisons",Military courts,
ResearchGuidesCategoriesSubcategories,"Crime, Courts and Justice",Crime and Justice,Crime and Justice,,"Criminals, courts and prisons",Prisons and prisoners,
ResearchGuidesCategoriesSubcategories,"Crime, Courts and Justice",Crime and Justice,Crime and Justice,,"Criminals, courts and prisons",Wills and death duties,
CatalogueTaxonomyTerms,Land and Buildings,Land and Buildings,Land and Buildings,,Crown lands and estates,,
ResearchGuidesSubcategoriesCategories,Arts and Culture,"People, Society and Culture","People, Society and Culture",,Cultural,Social and cultural history,
ShopTags,War and Conflict,"Military, War and Conflict",War and Conflict,,D-Day,,World War II
CatalogueTaxonomyTerms,"Business, Finance and Innovation","Money, Business, Finance and Trade",Money and Finance,,Debt,,
CatalogueTaxonomyTerms,State and Citizens,State and Citizens,Politics and Law,,Democracy,,
ImageLibraryCategories,Arts and Culture,"Arts, Design and Media","Arts, Design and Media",,Design,,
CatalogueTaxonomyTerms,State and Citizens,State and Citizens,Politics and Law,,Devolution,,
CatalogueTaxonomyTerms,Family and Identity,"People, Society and Culture","People, Society and Culture",,Diaries,,
ShopTags,"Business, Finance and Innovation","Science, Technology and Industry",Science and Technology,,Digital,,
ASDTopics,Health and Welfare,Health and Welfare,Health and Welfare,"People, Society and Culture",Disability,,
CatalogueTaxonomyTerms,Health and Welfare,Health and Welfare,Health and Welfare,"People, Society and Culture",Disability,,
CatalogueTaxonomyTerms,War and Conflict,"Military, War and Conflict",War and Conflict,,Disarmament,,
CatalogueTaxonomyTerms,Transport and Travel,Agriculture and Environment,Nature and Environment,,Disasters and emergencies,,Titanic
CatalogueTaxonomyTerms,Health and Welfare,Health and Welfare,Health and Welfare,,Disease,,Medicine
ResearchGuidesSubcategoriesCategories,"Crime, Courts and Justice","People, Society and Culture","People, Society and Culture",,Divorce,"Criminals, courts and prisons",
ResearchGuidesSubcategoriesCategories,Family and Identity,"People, Society and Culture","People, Society and Culture",,"Divorce, adoption and change of name",Family history,
ShopTags,Health and Welfare,Health and Welfare,Health and Welfare,"People, Society and Culture",DNA,,
ShopTags,State and Citizens,Land and Buildings,Land and Buildings,,Domesday,,
ResearchGuidesSubcategoriesCategories,State and Citizens,State and Citizens,Politics and Law,,Domestic politics,Online collections,
ResearchGuidesSubcategoriesCategories,State and Citizens,State and Citizens,Politics and Law,,Domestic politics,Political and economic history,
ShopTags,Family and Identity,"People, Society and Culture",Trade and Industry,,Domestic Service,,
ShopTags,War and Conflict,"Military, War and Conflict",War and Conflict,The World,Dunkirk,,World War II
ShopTags,International Trade and Affairs,"Money, Business, Finance and Trade",Trade and Industry,The World,East India Company,,Trade and commerce
ResearchGuidesSubcategoriesCategories,"Business, Finance and Innovation","Money, Business, Finance and Trade",Money and Finance,,Economic history,Political and economic history,
ASDTopics,State and Citizens,"People, Society and Culture","People, Society and Culture",,Education,,
CatalogueTaxonomyTerms,State and Citizens,"People, Society and Culture","People, Society and Culture",,Education,,
ResearchGuidesSubcategoriesCategories,State and Citizens,"People, Society and Culture","People, Society and Culture",,Education,Social and cultural history,
CatalogueTaxonomyTerms,State and Citizens,State and Citizens,Politics and Law,Oppression and Revolution,Electoral reform,,
CatalogueTaxonomyTerms,"Business, Finance and Innovation","Science, Technology and Industry",Science and Technology,,Electricity,,
ShopTags,International Trade and Affairs,The World,The World,,Empire,,
ImageLibraryCategories,Arts and Culture,"Arts, Design and Media","Arts, Design and Media",,Entertainment and theatre,,
ASDTopics,Agriculture and Environment,Agriculture and Environment,Nature and Environment,,Environment,,
ResearchGuidesSubcategoriesCategories,Agriculture and Environment,Agriculture and Environment,Food and Agriculture,Nature and Environment,Environment agriculture,Land and maps,
CatalogueTaxonomyTerms,International Trade and Affairs,The World,The World,,Europe and Russia,,
ShopTags,War and Conflict,"Military, War and Conflict",War and Conflict,,Evacuees,,
ResearchGuidesCategoriesSubcategories,"Crime, Courts and Justice","People, Society and Culture","People, Society and Culture",,Family history,"Courts, criminals, prisoners and litigants",
MediaCategories,Family and Identity,"People, Society and Culture","People, Society and Culture",,Family history,,
ShopTags,Family and Identity,"People, Society and Culture","People, Society and Culture",,Family history,,
ResearchGuidesCategoriesSubcategories,Family and Identity,"People, Society and Culture","People, Society and Culture",,Family history,"Births, marriages and deaths",
ResearchGuidesCategoriesSubcategories,Family and Identity,"People, Society and Culture","People, Society and Culture",,Family history,Census and other national surveys,
ResearchGuidesCategoriesSubcategories,Family and Identity,"People, Society and Culture","People, Society and Culture",,Family history,"Divorce, adoption and change of name",
ResearchGuidesCategoriesSubcategories,Family and Identity,"People, Society and Culture","People, Society and Culture",,Family history,"Immigrants, emigrants and refugees",
ResearchGuidesCategoriesSubcategories,Family and Identity,"People, Society and Culture","People, Society and Culture",,Family history,"Occupations, commerce and trade",
ResearchGuidesCategoriesSubcategories,Family and Identity,"People, Society and Culture","People, Society and Culture",,Family history,Tracing living people and electoral registration,
ResearchGuidesCategoriesSubcategories,Family and Identity,"People, Society and Culture","People, Society and Culture",,Family history,"Wills, inheritance and land ownership",
ResearchGuidesCategoriesSubcategories,Health and Welfare,"People, Society and Culture","People, Society and Culture",,Family history,Health and welfare,
ResearchGuidesCategoriesSubcategories,International Trade and Affairs,"People, Society and Culture","People, Society and Culture",,Family history,Foreign and colonial,
ResearchGuidesSubcategoriesCategories,International Trade and Affairs,"People, Society and Culture","People, Society and Culture",,Family history,Foreign and colonial history,
ResearchGuidesCategoriesSubcategories,Land and Buildings,"People, Society and Culture","People, Society and Culture",,Family history,"Houses, schools and other institutions",
ResearchGuidesCategoriesSubcategories,Military and Maritime,"People, Society and Culture","People, Society and Culture",,Family history,Army and militia,
ResearchGuidesCategoriesSubcategories,Military and Maritime,"People, Society and Culture","People, Society and Culture",,Family history,Medals and awards,
ResearchGuidesCategoriesSubcategories,Military and Maritime,"People, Society and Culture","People, Society and Culture",,Family history,Merchant Navy,
ResearchGuidesCategoriesSubcategories,Military and Maritime,"People, Society and Culture","People, Society and Culture",,Family history,Royal Air Force and other air services,
ResearchGuidesCategoriesSubcategories,Military and Maritime,"People, Society and Culture","People, Society and Culture",,Family history,Royal Navy and Royal Marines,
ResearchGuidesCategoriesSubcategories,Religion and Belief,"People, Society and Culture","People, Society and Culture",,Family history,Religious groups,
ResearchGuidesSubcategoriesCategories,State and Citizens,"People, Society and Culture","People, Society and Culture",,Family history,Medieval and early modern history,
ResearchGuidesCategoriesSubcategories,War and Conflict,"People, Society and Culture","People, Society and Culture",,Family history,Prisoners of war and internees,
CatalogueTaxonomyTerms,Agriculture and Environment,Agriculture and Environment,Food and Agriculture,Nature and Environment,Farming,,
CatalogueTaxonomyTerms,State and Citizens,State and Citizens,Oppression and Revolution,Politics and Law,Fascism,,
ASDTopics,Arts and Culture,"Arts, Design and Media","Arts, Design and Media",,"Film, Media and Performing Arts",,
ResearchGuidesCategoriesSubcategories,Military and Maritime,"Military, War and Conflict",War and Conflict,,First World War,Army,
ResearchGuidesCategoriesSubcategories,Military and Maritime,"Military, War and Conflict",War and Conflict,,First World War,Medals and awards,
ResearchGuidesCategoriesSubcategories,Military and Maritime,"Military, War and Conflict",War and Conflict,,First World War,Merchant Navy,
ResearchGuidesCategoriesSubcategories,Military and Maritime,"Military, War and Conflict",War and Conflict,,First World War,Military courts and conscription,
ResearchGuidesCategoriesSubcategories,Military and Maritime,"Military, War and Conflict",War and Conflict,,First World War,Nursing,
ResearchGuidesCategoriesSubcategories,Military and Maritime,"Military, War and Conflict",War and Conflict,,First World War,Prisoners of war and internees,
ResearchGuidesCategoriesSubcategories,Military and Maritime,"Military, War and Conflict",War and Conflict,,First World War,Royal Air Force and other air services,
ResearchGuidesCategoriesSubcategories,Military and Maritime,"Military, War and Conflict",War and Conflict,,First World War,Royal Navy and Royal Marines,
ImageLibraryCategories,War and Conflict,"Military, War and Conflict",War and Conflict,,First World War,,
ResearchGuidesCategoriesSubcategories,War and Conflict,"Military, War and Conflict",War and Conflict,,First World War,"Births, marriages and deaths",
ResearchGuidesCategoriesSubcategories,War and Conflict,"Military, War and Conflict",War and Conflict,,First World War,Foreign and colonial affairs,
ResearchGuidesCategoriesSubcategories,War and Conflict,"Military, War and Conflict",War and Conflict,,First World War,Home Front,
ResearchGuidesCategoriesSubcategories,War and Conflict,"Military, War and Conflict",War and Conflict,,First World War,Intelligence services,
ResearchGuidesCategoriesSubcategories,War and Conflict,"Military, War and Conflict",War and Conflict,,First World War,"Maps, plans and land",
ResearchGuidesSubcategoriesCategories,War and Conflict,"Military, War and Conflict",War and Conflict,,First World War,Online collections,
CatalogueTaxonomyTerms,Agriculture and Environment,Agriculture and Environment,Food and Agriculture,Nature and Environment,Fishing,,
CatalogueTaxonomyTerms,Agriculture and Environment,Agriculture and Environment,Food and Agriculture,,Food and drink,,
ResearchGuidesSubcategoriesCategories,International Trade and Affairs,The World,The World,,Foreign affairs and countries,Foreign and colonial history,
ResearchGuidesSubcategoriesCategories,International Trade and Affairs,The World,The World,,Foreign affairs and countries,Political and economic history,
ResearchGuidesSubcategoriesCategories,International Trade and Affairs,The World,The World,,Foreign affairs and diplomacy,Medieval and early modern history,
ResearchGuidesSubcategoriesCategories,International Trade and Affairs,The World,The World,,Foreign and colonial,Family history,
ResearchGuidesSubcategoriesCategories,International Trade and Affairs,The World,The World,,Foreign and colonial affairs,First World War,
ResearchGuidesSubcategoriesCategories,International Trade and Affairs,The World,The World,,Foreign and colonial affairs,Second World War,
ResearchGuidesCategoriesSubcategories,International Trade and Affairs,The World,The World,,Foreign and colonial history,Colonial affairs and colonies,
ResearchGuidesCategoriesSubcategories,International Trade and Affairs,The World,The World,,Foreign and colonial history,Family history,
ResearchGuidesCategoriesSubcategories,International Trade and Affairs,The World,The World,,Foreign and colonial history,Foreign affairs and countries,
ResearchGuidesCategoriesSubcategories,International Trade and Affairs,The World,The World,,Foreign and colonial history,Maps and images,
CatalogueTaxonomyTerms,Agriculture and Environment,Agriculture and Environment,Nature and Environment,,Forestry,,
CatalogueTaxonomyTerms,Family and Identity,"People, Society and Culture","People, Society and Culture",,Freemasons,,
CatalogueTaxonomyTerms,"Business, Finance and Innovation","Money, Business, Finance and Trade",Money and Finance,"People, Society and Culture",Friendly societies,,
ASDTopics,Arts and Culture,"Arts, Design and Media","Arts, Design and Media",,Furniture and Interior Design,,
CatalogueTaxonomyTerms,"Business, Finance and Innovation","Money, Business, Finance and Trade",Money and Finance,,Government finances,,
ResearchGuidesSubcategoriesCategories,Land and Buildings,Land and Buildings,Land and Buildings,,Government use of land,Land and maps,
ResearchGuidesSubcategoriesCategories,Health and Welfare,Health and Welfare,Health and Welfare,,Health,Social and cultural history,
ResearchGuidesSubcategoriesCategories,Health and Welfare,Health and Welfare,Health and Welfare,,Health and welfare,Family history,
ShopTags,Family and Identity,"Military, War and Conflict",Military and Maritime,,Heraldry,,
ResearchGuidesSubcategoriesCategories,War and Conflict,"Military, War and Conflict",War and Conflict,,Home Front,First World War,
ResearchGuidesSubcategoriesCategories,War and Conflict,"Military, War and Conflict",War and Conflict,,Home Front,Military and maritime,
ResearchGuidesSubcategoriesCategories,War and Conflict,"Military, War and Conflict",War and Conflict,,Home Front,Second World War,
ShopTags,War and Conflict,"Military, War and Conflict",War and Conflict,,Home Front,,World War I; World War II
ShopTags,War and Conflict,"Military, War and Conflict",War and Conflict,,Home Guard,,World War II
ASDTopics,Agriculture and Environment,Agriculture and Environment,Nature and Environment,"People, Society and Culture",Horticulture,,
CatalogueTaxonomyTerms,Health and Welfare,Health and Welfare,Health and Welfare,Land and Buildings,Hospitals,,
ResearchGuidesSubcategoriesCategories,State and Citizens,"People, Society and Culture","People, Society and Culture",,Household ceremonial and culture,Medieval and early modern history,
ResearchGuidesSubcategoriesCategories,Land and Buildings,Land and Buildings,Land and Buildings,,"Houses, schools and other institutions",Family history,
CatalogueTaxonomyTerms,Land and Buildings,Land and Buildings,Land and Buildings,,Housing,,
CatalogueTaxonomyTerms,Agriculture and Environment,"People, Society and Culture",Sport,Food and Agriculture,Hunting,,
ResearchGuidesSubcategoriesCategories,Family and Identity,The World,The World,,"Immigrants, emigrants and refugees",Family history,
ASDTopics,International Trade and Affairs,The World,The World,,Imperial History,,
CatalogueTaxonomyTerms,International Trade and Affairs,The World,The World,,Indian Subcontinent,,
CatalogueTaxonomyTerms,"Business, Finance and Innovation","Money, Business, Finance and Trade",Money and Finance,,Inflation,,
CatalogueTaxonomyTerms,War and Conflict,"Military, War and Conflict",War and Conflict,,Intelligence,,Bletchley Park; Cold War; SOE
ResearchGuidesSubcategoriesCategories,War and Conflict,"Military, War and Conflict",War and Conflict,,Intelligence services,First World War,
ResearchGuidesSubcategoriesCategories,War and Conflict,"Military, War and Conflict",War and Conflict,,Intelligence services,Military and maritime,
ResearchGuidesSubcategoriesCategories,War and Conflict,"Military, War and Conflict",War and Conflict,,Intelligence services,Second World War,
CatalogueTaxonomyTerms,International Trade and Affairs,The World,The World,,International,,
MediaCategories,International Trade and Affairs,The World,The World,,International,,
CatalogueTaxonomyTerms,War and Conflict,"Military, War and Conflict",War and Conflict,Oppression and Revolution,Internment,,
ASDTopics,International Trade and Affairs,The World,The World,,Ireland,,
CatalogueTaxonomyTerms,International Trade and Affairs,The World,The World,,Ireland,,
CatalogueTaxonomyTerms,"Business, Finance and Innovation","Science, Technology and Industry",Trade and Industry,Science and Technology,"Iron, steel and metals",,
ShopTags,"Crime, Courts and Justice",Crime and Justice,Crime and Justice,,Jack the Ripper,,Crime
ASDTopics,Religion and Belief,Religion,Religion,"People, Society and Culture",Jewish History,,
CatalogueTaxonomyTerms,"Business, Finance and Innovation","Money, Business, Finance and Trade",Trade and Industry,"People, Society and Culture",Labour,,
ASDTopics,State and Citizens,State and Citizens,Politics and Law,Oppression and Revolution,Labour Movement,,
ResearchGuidesSubcategoriesCategories,Land and Buildings,Land and Buildings,Land and Buildings,,Land,Social and cultural history,
ResearchGuidesSubcategoriesCategories,International Trade and Affairs,The World,The World,Land and Buildings,Land abroad,Land and maps,
ResearchGuidesCategoriesSubcategories,Agriculture and Environment,Land and Buildings,Land and Buildings,,Land and maps,Environment agriculture,
ResearchGuidesCategoriesSubcategories,Land and Buildings,Land and Buildings,Land and Buildings,,Land and maps,Church and crown lands,
ResearchGuidesCategoriesSubcategories,Land and Buildings,Land and Buildings,Land and Buildings,,Land and maps,Government use of land,
ResearchGuidesCategoriesSubcategories,Land and Buildings,Land and Buildings,Land and Buildings,,Land and maps,Land abroad,
ResearchGuidesCategoriesSubcategories,Land and Buildings,Land and Buildings,Land and Buildings,,Land and maps,Local history,
ResearchGuidesCategoriesSubcategories,Land and Buildings,Land and Buildings,Land and Buildings,,Land and maps,Maps,
ResearchGuidesCategoriesSubcategories,Land and Buildings,Land and Buildings,Land and Buildings,,Land and maps,Ownership and inheritance,
ResearchGuidesCategoriesSubcategories,Land and Buildings,Land and Buildings,Land and Buildings,,Land and maps,Taxes on land,
CatalogueTaxonomyTerms,Land and Buildings,Land and Buildings,Land and Buildings,"People, Society and Culture",Landed estates,,
ResearchGuidesSubcategoriesCategories,Land and Buildings,Land and Buildings,Land and Buildings,"People, Society and Culture",Landholding and inheritance,Medieval and early modern history,
ShopTags,Agriculture and Environment,Land and Buildings,Land and Buildings,"People, Society and Culture",Landscape and Identity,,
ASDTopics,"Crime, Courts and Justice",State and Citizens,Politics and Law,,Law,,
ResearchGuidesSubcategoriesCategories,"Crime, Courts and Justice",State and Citizens,Politics and Law,Crime and Justice,Law and justice,Medieval and early modern history,
MediaCategories,"Crime, Courts and Justice",State and Citizens,Politics and Law,Crime and Justice,Law and order,,
CatalogueTaxonomyTerms,"Crime, Courts and Justice",State and Citizens,Politics and Law,,Legal,,Courts and Trials; Litigation
ASDTopics,Family and Identity,"People, Society and Culture","People, Society and Culture",,LGBTQ,,
CatalogueTaxonomyTerms,Arts and Culture,"Arts, Design and Media","Arts, Design and Media",,Literature,,
ASDTopics,Arts and Culture,"Arts, Design and Media","Arts, Design and Media",,Literature and Publishing,,
CatalogueTaxonomyTerms,"Crime, Courts and Justice",State and Citizens,Politics and Law,,Litigation,,Courts and Trials; Legal
CatalogueTaxonomyTerms,State and Citizens,State and Citizens,Politics and Law,,Local Government,,
ShopTags,State and Citizens,State and Citizens,Politics and Law,Oppression and Revolution,Magna Carta,,
ASDTopics,Land and Buildings,Land and Buildings,Land and Buildings,,Manorial,,
CatalogueTaxonomyTerms,Land and Buildings,Land and Buildings,Land and Buildings,,Manors,,
CatalogueTaxonomyTerms,"Business, Finance and Innovation","Science, Technology and Industry",Trade and Industry,,Manufacturing,,
ResearchGuidesSubcategoriesCategories,Land and Buildings,Land and Buildings,Land and Buildings,,Maps,Land and maps,
ResearchGuidesSubcategoriesCategories,Land and Buildings,Land and Buildings,Land and Buildings,,Maps,Online collections,
ResearchGuidesSubcategoriesCategories,Land and Buildings,Land and Buildings,Land and Buildings,,Maps and images,Foreign and colonial history,
ResearchGuidesSubcategoriesCategories,Land and Buildings,Land and Buildings,Land and Buildings,,Maps and images,Political and economic history,
CatalogueTaxonomyTerms,Land and Buildings,Land and Buildings,Land and Buildings,,Maps and plans,,Ordnance Survey
ImageLibraryCategories,Land and Buildings,Land and Buildings,Land and Buildings,,Maps and plans,,
ResearchGuidesSubcategoriesCategories,War and Conflict,Land and Buildings,Land and Buildings,,"Maps, plans and land",First World War,
ResearchGuidesSubcategoriesCategories,War and Conflict,Land and Buildings,Land and Buildings,,"Maps, plans and land",Military and maritime,
ResearchGuidesSubcategoriesCategories,War and Conflict,Land and Buildings,Land and Buildings,,"Maps, plans and land",Second World War,
ASDTopics,War and Conflict,"Military, War and Conflict",Military and Maritime,Transport and Travel,Maritime,,
CatalogueTaxonomyTerms,Family and Identity,"People, Society and Culture","People, Society and Culture",,Marriage and divorce,,
CatalogueTaxonomyTerms,Military and Maritime,"Military, War and Conflict",Military and Maritime,War and Conflict,Medals,,Badges and insignia
ResearchGuidesSubcategoriesCategories,Military and Maritime,"Military, War and Conflict",Military and Maritime,War and Conflict,Medals and awards,Family history,
ResearchGuidesSubcategoriesCategories,Military and Maritime,"Military, War and Conflict",Military and Maritime,War and Conflict,Medals and awards,First World War,
ResearchGuidesSubcategoriesCategories,Military and Maritime,"Military, War and Conflict",Military and Maritime,War and Conflict,Medals and awards,Military and maritime,
ResearchGuidesSubcategoriesCategories,Military and Maritime,"Military, War and Conflict",Military and Maritime,War and Conflict,Medals and awards,Online collections,
ResearchGuidesSubcategoriesCategories,Military and Maritime,"Military, War and Conflict",Military and Maritime,War and Conflict,Medals and awards,Second World War,
ImageLibraryCategories,Health and Welfare,Health and Welfare,Health and Welfare,,Medical,,
CatalogueTaxonomyTerms,Health and Welfare,Health and Welfare,Health and Welfare,,Medicine,,Nursing; Disease
CatalogueTaxonomyTerms,Health and Welfare,Health and Welfare,Health and Welfare,"People, Society and Culture",Mental illness,,
ResearchGuidesSubcategoriesCategories,Military and Maritime,"Money, Business, Finance and Trade",Trade and Industry,,Merchant Navy,Family history,
ResearchGuidesSubcategoriesCategories,Military and Maritime,"Money, Business, Finance and Trade",Trade and Industry,,Merchant Navy,First World War,
ResearchGuidesSubcategoriesCategories,Military and Maritime,"Money, Business, Finance and Trade",Trade and Industry,,Merchant Navy,Military and maritime,
ResearchGuidesSubcategoriesCategories,Military and Maritime,"Money, Business, Finance and Trade",Trade and Industry,,Merchant Navy,Online collections,
ResearchGuidesSubcategoriesCategories,Military and Maritime,"Money, Business, Finance and Trade",Trade and Industry,,Merchant Navy,Second World War,
CatalogueTaxonomyTerms,Military and Maritime,"Money, Business, Finance and Trade",Trade and Industry,,Merchant seaman,,
CatalogueTaxonomyTerms,International Trade and Affairs,The World,The World,,Middle East,,
CatalogueTaxonomyTerms,Family and Identity,The World,The World,,Migration,,
ResearchGuidesSubcategoriesCategories,Family and Identity,The World,The World,,Migration,Online collections,
ResearchGuidesSubcategoriesCategories,Family and Identity,The World,The World,,Migration,Political and economic history,
ResearchGuidesSubcategoriesCategories,Family and Identity,The World,The World,,Migration,Social and cultural history,
ImageLibraryCategories,War and Conflict,"Military, War and Conflict",Military and Maritime,War and Conflict,Military,,
ShopTags,War and Conflict,"Military, War and Conflict",Military and Maritime,War and Conflict,Military,World War I,
ShopTags,War and Conflict,"Military, War and Conflict",Military and Maritime,War and Conflict,Military,World War II,
ResearchGuidesCategoriesSubcategories,Military and Maritime,"Military, War and Conflict",Military and Maritime,War and Conflict,Military and maritime,Army and militia,
ResearchGuidesCategoriesSubcategories,Military and Maritime,"Military, War and Conflict",Military and Maritime,War and Conflict,Military and maritime,Medals and awards,
ResearchGuidesCategoriesSubcategories,Military and Maritime,"Military, War and Conflict",Military and Maritime,War and Conflict,Military and maritime,Merchant Navy,
ResearchGuidesCategoriesSubcategories,Military and Maritime,"Military, War and Conflict",Military and Maritime,War and Conflict,Military and maritime,Military courts and conscription,
ResearchGuidesCategoriesSubcategories,Military and Maritime,"Military, War and Conflict",Military and Maritime,War and Conflict,Military and maritime,Nursing,
ResearchGuidesCategoriesSubcategories,Military and Maritime,"Military, War and Conflict",Military and Maritime,War and Conflict,Military and maritime,Prisoners of war and internees,
ResearchGuidesCategoriesSubcategories,Military and Maritime,"Military, War and Conflict",Military and Maritime,War and Conflict,Military and maritime,Royal Air Force and other air services,
ResearchGuidesCategoriesSubcategories,Military and Maritime,"Military, War and Conflict",Military and Maritime,War and Conflict,Military and maritime,Royal Navy and Royal Marines,
ResearchGuidesCategoriesSubcategories,War and Conflict,"Military, War and Conflict",Military and Maritime,War and Conflict,Military and maritime,"Births, marriages and deaths",
ResearchGuidesCategoriesSubcategories,War and Conflict,"Military, War and Conflict",Military and Maritime,War and Conflict,Military and maritime,Home Front,
ResearchGuidesCategoriesSubcategories,War and Conflict,"Military, War and Conflict",Military and Maritime,War and Conflict,Military and maritime,Intelligence services,
ResearchGuidesCategoriesSubcategories,War and Conflict,"Military, War and Conflict",Military and Maritime,War and Conflict,Military and maritime,"Maps, plans and land",
ResearchGuidesCategoriesSubcategories,War and Conflict,"Military, War and Conflict",Military and Maritime,War and Conflict,Military and maritime,War crimes,
ResearchGuidesCategoriesSubcategories,War and Conflict,"Military, War and Conflict",Military and Maritime,War and Conflict,Military and maritime,Wars,
ResearchGuidesSubcategoriesCategories,Military and Maritime,"Military, War and Conflict",Military and Maritime,War and Conflict,Military courts,"Criminals, courts and prisons",
ResearchGuidesSubcategoriesCategories,Military and Maritime,"Military, War and Conflict",Military and Maritime,War and Conflict,Military courts and conscription,First World War,
ResearchGuidesSubcategoriesCategories,Military and Maritime,"Military, War and Conflict",Military and Maritime,War and Conflict,Military courts and conscription,Military and maritime,
ResearchGuidesSubcategoriesCategories,Military and Maritime,"Military, War and Conflict",Military and Maritime,War and Conflict,Military courts and conscription,Online collections,
ResearchGuidesSubcategoriesCategories,Military and Maritime,"Military, War and Conflict",Military and Maritime,War and Conflict,Military courts and conscription,Second World War,
ASDTopics,War and Conflict,"Military, War and Conflict",Military and Maritime,War and Conflict,Military History,,
MediaCategories,War and Conflict,"Military, War and Conflict",Military and Maritime,War and Conflict,Military history,,
ResearchGuidesSubcategoriesCategories,War and Conflict,"Military, War and Conflict",Military and Maritime,War and Conflict,Military history,Medieval and early modern history,
ImageLibraryCategories,"Business, Finance and Innovation","Science, Technology and Industry",Trade and Industry,Nature and Environment,Mining,,
CatalogueTaxonomyTerms,"Business, Finance and Innovation","Science, Technology and Industry",Trade and Industry,Nature and Environment,Mining and quarrying,,
ImageLibraryCategories,State and Citizens,"People, Society and Culture","People, Society and Culture",Politics and Law,Monarchy,,
CatalogueTaxonomyTerms,"Business, Finance and Innovation","Money, Business, Finance and Trade",Money and Finance,"People, Society and Culture",Mutual societies,,
CatalogueTaxonomyTerms,"Business, Finance and Innovation","Money, Business, Finance and Trade",Money and Finance,Politics and Law,National debt,,
CatalogueTaxonomyTerms,Health and Welfare,Health and Welfare,Health and Welfare,,National Health Service,,
ShopTags,Military and Maritime,"Military, War and Conflict",Military and Maritime,War and Conflict,National Service,,
CatalogueTaxonomyTerms,Family and Identity,"People, Society and Culture","People, Society and Culture",,Nationality,,
ASDTopics,Agriculture and Environment,Agriculture and Environment,Nature and Environment,,Nature,,
CatalogueTaxonomyTerms,Military and Maritime,"Military, War and Conflict",Military and Maritime,War and Conflict,Navy,,
CatalogueTaxonomyTerms,"Business, Finance and Innovation","Science, Technology and Industry",Science and Technology,,Nuclear energy,,
CatalogueTaxonomyTerms,Health and Welfare,Health and Welfare,Health and Welfare,,Nursing,,Medicine
ResearchGuidesSubcategoriesCategories,Health and Welfare,Health and Welfare,Health and Welfare,,Nursing,First World War,
ResearchGuidesSubcategoriesCategories,Health and Welfare,Health and Welfare,Health and Welfare,,Nursing,Military and maritime,
ResearchGuidesSubcategoriesCategories,Health and Welfare,Health and Welfare,Health and Welfare,,Nursing,Second World War,
ResearchGuidesSubcategoriesCategories,Family and Identity,"Money, Business, Finance and Trade",Trade and Industry,,Occupations,Social and cultural history,
ResearchGuidesSubcategoriesCategories,"Business, Finance and Innovation","Money, Business, Finance and Trade",Trade and Industry,,"Occupations, commerce and trade",Family history,
CatalogueTaxonomyTerms,"Business, Finance and Innovation","Science, Technology and Industry",Trade and Industry,Nature and Environment,Oil and gas,,
CatalogueTaxonomyTerms,War and Conflict,"Military, War and Conflict",War and Conflict,,"Operations, battles and campaigns",,Wars of the Roses; Waterloo
ShopTags,Land and Buildings,Land and Buildings,Land and Buildings,,Ordnance Survey,,Maps and plans
ResearchGuidesSubcategoriesCategories,Land and Buildings,Land and Buildings,Land and Buildings,"People, Society and Culture",Ownership and inheritance,Land and maps,
CatalogueTaxonomyTerms,"Crime, Courts and Justice",Crime and Justice,Crime and Justice,Politics and Law,Pardons,,
CatalogueTaxonomyTerms,"Business, Finance and Innovation","Money, Business, Finance and Trade",Money and Finance,,Pay and pensions,,
ImageLibraryCategories,Family and Identity,"People, Society and Culture","People, Society and Culture",,People,,
CatalogueTaxonomyTerms,Arts and Culture,"Arts, Design and Media","Arts, Design and Media",,Performing arts,,
CatalogueTaxonomyTerms,Family and Identity,"People, Society and Culture","People, Society and Culture",,Personal and family papers,,
ShopTags,State and Citizens,State and Citizens,Oppression and Revolution,Politics and Law,Peterloo,,Public disorder
ASDTopics,Health and Welfare,Health and Welfare,Health and Welfare,Science and Technology,Pharmacy and Medicine,,
CatalogueTaxonomyTerms,Arts and Culture,"Arts, Design and Media","Arts, Design and Media",,Photography and film,,
ImageLibraryCategories,"Crime, Courts and Justice",Crime and Justice,Crime and Justice,,Piracy,,
CatalogueTaxonomyTerms,"Crime, Courts and Justice",Crime and Justice,Crime and Justice,,Piracy and privateering,,
CatalogueTaxonomyTerms,Land and Buildings,Land and Buildings,Land and Buildings,Nature and Environment,Planning (Land and Buildings),,
CatalogueTaxonomyTerms,International Trade and Affairs,The World,The World,,Polar,,
CatalogueTaxonomyTerms,State and Citizens,Crime and Justice,Crime and Justice,Politics and Law,Policing,,
ResearchGuidesCategoriesSubcategories,"Business, Finance and Innovation",State and Citizens,Politics and Law,Money and Finance,Political and economic history,Economic history,
ResearchGuidesCategoriesSubcategories,Family and Identity,State and Citizens,Politics and Law,Money and Finance,Political and economic history,Migration,
ResearchGuidesCategoriesSubcategories,International Trade and Affairs,State and Citizens,Politics and Law,Money and Finance,Political and economic history,Colonial affairs and colonies,
ResearchGuidesCategoriesSubcategories,International Trade and Affairs,State and Citizens,Politics and Law,Money and Finance,Political and economic history,Foreign affairs and countries,
ResearchGuidesCategoriesSubcategories,Land and Buildings,State and Citizens,Politics and Law,Money and Finance,Political and economic history,Maps and images,
ResearchGuidesCategoriesSubcategories,State and Citizens,State and Citizens,Politics and Law,Money and Finance,Political and economic history,Domestic politics,
ResearchGuidesCategoriesSubcategories,State and Citizens,State and Citizens,Politics and Law,Money and Finance,Political and economic history,Medieval and Early Modern,
MediaCategories,State and Citizens,State and Citizens,Politics and Law,,Political history,,
ASDTopics,State and Citizens,State and Citizens,Politics and Law,,Politics,,
ImageLibraryCategories,State and Citizens,State and Citizens,Politics and Law,,Politics,,
ResearchGuidesSubcategoriesCategories,State and Citizens,State and Citizens,Politics and Law,,Politics and government,Medieval and early modern history,
CatalogueTaxonomyTerms,Family and Identity,"People, Society and Culture","People, Society and Culture",,Population,,
CatalogueTaxonomyTerms,Health and Welfare,Health and Welfare,Health and Welfare,"People, Society and Culture",Poverty,,
ShopTags,Military and Maritime,"Military, War and Conflict",War and Conflict,,POWs,,Prisons; World War II
ResearchGuidesSubcategoriesCategories,Military and Maritime,"Military, War and Conflict",War and Conflict,,Prisoners of war,Online collections,
ResearchGuidesSubcategoriesCategories,Military and Maritime,"Military, War and Conflict",War and Conflict,,Prisoners of war and internees,Family history,
ResearchGuidesSubcategoriesCategories,Military and Maritime,"Military, War and Conflict",War and Conflict,,Prisoners of war and internees,First World War,
ResearchGuidesSubcategoriesCategories,Military and Maritime,"Military, War and Conflict",War and Conflict,,Prisoners of war and internees,Military and maritime,
ResearchGuidesSubcategoriesCategories,Military and Maritime,"Military, War and Conflict",War and Conflict,,Prisoners of war and internees,Second World War,
CatalogueTaxonomyTerms,"Crime, Courts and Justice",Crime and Justice,Crime and Justice,Politics and Law,Prisons,,POWs
ResearchGuidesSubcategoriesCategories,"Crime, Courts and Justice",Crime and Justice,Crime and Justice,Politics and Law,Prisons and prisoners,"Criminals, courts and prisons",
CatalogueTaxonomyTerms,State and Citizens,State and Citizens,Politics and Law,Oppression and Revolution,Public disorder,,Peterloo
CatalogueTaxonomyTerms,State and Citizens,"People, Society and Culture","People, Society and Culture",,Race relations,,
CatalogueTaxonomyTerms,Arts and Culture,"Arts, Design and Media","Arts, Design and Media",,Radio and television,,
CatalogueTaxonomyTerms,Transport and Travel,Transport and Travel,Transport and Travel,,Railways,,
CatalogueTaxonomyTerms,War and Conflict,"Military, War and Conflict",War and Conflict,Food and Agriculture,Rationing,,
ShopTags,Religion and Belief,Religion,Religion,Oppression and Revolution,Reformation,,Religious discrimination and persecution
CatalogueTaxonomyTerms,War and Conflict,State and Citizens,Oppression and Revolution,War and Conflict,Refugees,,
ASDTopics,Religion and Belief,Religion,Religion,,Religions,,
CatalogueTaxonomyTerms,Religion and Belief,Religion,Religion,,Religions,,
CatalogueTaxonomyTerms,Religion and Belief,Religion,Religion,Oppression and Revolution,Religious discrimination and persecution,,Reformation
ResearchGuidesSubcategoriesCategories,Religion and Belief,Religion,Religion,,Religious groups,Family history,
ResearchGuidesSubcategoriesCategories,Religion and Belief,Religion,Religion,,Religious groups,Social and cultural history,
CatalogueTaxonomyTerms,"Business, Finance and Innovation","Science, Technology and Industry",Science and Technology,Nature and Environment,Renewable energies,,
CatalogueTaxonomyTerms,"Business, Finance and Innovation","Science, Technology and Industry",Science and Technology,,Research,,
CatalogueTaxonomyTerms,Agriculture and Environment,Agriculture and Environment,Nature and Environment,,Resources,,
CatalogueTaxonomyTerms,Transport and Travel,Transport and Travel,Transport and Travel,,Road transport,,
ResearchGuidesSubcategoriesCategories,Military and Maritime,"Military, War and Conflict",Military and Maritime,War and Conflict,Royal Air Force and other air services,Family history,
ResearchGuidesSubcategoriesCategories,Military and Maritime,"Military, War and Conflict",Military and Maritime,War and Conflict,Royal Air Force and other air services,First World War,
ResearchGuidesSubcategoriesCategories,Military and Maritime,"Military, War and Conflict",Military and Maritime,War and Conflict,Royal Air Force and other air services,Military and maritime,
ResearchGuidesSubcategoriesCategories,Military and Maritime,"Military, War and Conflict",Military and Maritime,War and Conflict,Royal Air Force and other air services,Online collections,
ResearchGuidesSubcategoriesCategories,Military and Maritime,"Military, War and Conflict",Military and Maritime,War and Conflict,Royal Air Force and other air services,Second World War,
ResearchGuidesSubcategoriesCategories,Military and Maritime,"Military, War and Conflict",Military and Maritime,War and Conflict,Royal Navy and Royal Marines,Family history,
ResearchGuidesSubcategoriesCategories,Military and Maritime,"Military, War and Conflict",Military and Maritime,War and Conflict,Royal Navy and Royal Marines,First World War,
ResearchGuidesSubcategoriesCategories,Military and Maritime,"Military, War and Conflict",Military and Maritime,War and Conflict,Royal Navy and Royal Marines,Military and maritime,
ResearchGuidesSubcategoriesCategories,Military and Maritime,"Military, War and Conflict",Military and Maritime,War and Conflict,Royal Navy and Royal Marines,Online collections,
ResearchGuidesSubcategoriesCategories,Military and Maritime,"Military, War and Conflict",Military and Maritime,War and Conflict,Royal Navy and Royal Marines,Second World War,
CatalogueTaxonomyTerms,Agriculture and Environment,Land and Buildings,Land and Buildings,,Royal Parks,,
CatalogueTaxonomyTerms,State and Citizens,"People, Society and Culture","People, Society and Culture",Politics and Law,Royalty,,
ASDTopics,"Business, Finance and Innovation","Science, Technology and Industry",Science and Technology,Trade and Industry,"Science, Technology, Engineering, and Mathematics Research",,
ASDTopics,State and Citizens,The World,The World,,Scotland,,
ShopTags,State and Citizens,The World,The World,,Scotland,,
ResearchGuidesCategoriesSubcategories,Military and Maritime,"Military, War and Conflict",War and Conflict,,Second World War,Army,
ResearchGuidesCategoriesSubcategories,Military and Maritime,"Military, War and Conflict",War and Conflict,,Second World War,Medals and awards,
ResearchGuidesCategoriesSubcategories,Military and Maritime,"Military, War and Conflict",War and Conflict,,Second World War,Merchant Navy,
ResearchGuidesCategoriesSubcategories,Military and Maritime,"Military, War and Conflict",War and Conflict,,Second World War,Military courts and conscription,
ResearchGuidesCategoriesSubcategories,Military and Maritime,"Military, War and Conflict",War and Conflict,,Second World War,Nursing,
ResearchGuidesCategoriesSubcategories,Military and Maritime,"Military, War and Conflict",War and Conflict,,Second World War,Royal Air Force and other air services,
ResearchGuidesCategoriesSubcategories,Military and Maritime,"Military, War and Conflict",War and Conflict,,Second World War,Royal Navy and Royal Marines,
ImageLibraryCategories,War and Conflict,"Military, War and Conflict",War and Conflict,,Second World War,,
ResearchGuidesCategoriesSubcategories,War and Conflict,"Military, War and Conflict",War and Conflict,,Second World War,"Births, marriages and deaths",
ResearchGuidesCategoriesSubcategories,War and Conflict,"Military, War and Conflict",War and Conflict,,Second World War,Foreign and colonial affairs,
ResearchGuidesCategoriesSubcategories,War and Conflict,"Military, War and Conflict",War and Conflict,,Second World War,Home Front,
ResearchGuidesCategoriesSubcategories,War and Conflict,"Military, War and Conflict",War and Conflict,,Second World War,Intelligence services,
ResearchGuidesCategoriesSubcategories,War and Conflict,"Military, War and Conflict",War and Conflict,,Second World War,"Maps, plans and land",
ResearchGuidesSubcategoriesCategories,War and Conflict,"Military, War and Conflict",War and Conflict,,Second World War,Online collections,
ResearchGuidesCategoriesSubcategories,War and Conflict,"Military, War and Conflict",War and Conflict,,Second World War,Prisoners of war and internees,
ResearchGuidesCategoriesSubcategories,War and Conflict,"Military, War and Conflict",War and Conflict,,Second World War,War crimes,
CatalogueTaxonomyTerms,Health and Welfare,Health and Welfare,Health and Welfare,Nature and Environment,Sewerage,,
CatalogueTaxonomyTerms,Family and Identity,"People, Society and Culture","People, Society and Culture",,Sex and gender,,
CatalogueTaxonomyTerms,Transport and Travel,Transport and Travel,Transport and Travel,Trade and Industry,Shipping,,
CatalogueTaxonomyTerms,Family and Identity,State and Citizens,Oppression and Revolution,,Slavery,,
ImageLibraryCategories,Family and Identity,State and Citizens,Oppression and Revolution,,Slavery,,
ResearchGuidesSubcategoriesCategories,Family and Identity,"People, Society and Culture","People, Society and Culture",,Social,Social and cultural history,
ResearchGuidesCategoriesSubcategories,Arts and Culture,"People, Society and Culture","People, Society and Culture",,Social and cultural history,Cultural,
ResearchGuidesCategoriesSubcategories,Arts and Culture,"People, Society and Culture","People, Society and Culture",,Social and cultural history,Social,
ResearchGuidesCategoriesSubcategories,Family and Identity,"People, Society and Culture","People, Society and Culture",,Social and cultural history,Migration,
ResearchGuidesCategoriesSubcategories,Family and Identity,"People, Society and Culture","People, Society and Culture",,Social and cultural history,Occupations,
ResearchGuidesCategoriesSubcategories,Health and Welfare,"People, Society and Culture","People, Society and Culture",,Social and cultural history,Health,
ResearchGuidesCategoriesSubcategories,Land and Buildings,"People, Society and Culture","People, Society and Culture",,Social and cultural history,Land,
ResearchGuidesCategoriesSubcategories,Religion and Belief,"People, Society and Culture","People, Society and Culture",,Social and cultural history,Religious groups,
ResearchGuidesCategoriesSubcategories,State and Citizens,"People, Society and Culture","People, Society and Culture",,Social and cultural history,Education,
ResearchGuidesCategoriesSubcategories,Transport and Travel,"People, Society and Culture","People, Society and Culture",,Social and cultural history,Transport and passengers,
MediaCategories,Arts and Culture,"People, Society and Culture","People, Society and Culture",,Social history,,
ShopTags,War and Conflict,"Military, War and Conflict",War and Conflict,,SOE,,World War II
ImageLibraryCategories,Arts and Culture,"People, Society and Culture",Sport,,Sport,,
CatalogueTaxonomyTerms,Arts and Culture,"People, Society and Culture",Sport,,Sports,,
ASDTopics,Arts and Culture,"People, Society and Culture",Sport,"Arts, Design and Media",Sports and Recreation,,
ShopTags,War and Conflict,"Military, War and Conflict",Military and Maritime,War and Conflict,Submarines,,
ShopTags,War and Conflict,"Military, War and Conflict",Military and Maritime,War and Conflict,Tanks,,
CatalogueTaxonomyTerms,"Business, Finance and Innovation","Money, Business, Finance and Trade",Money and Finance,Politics and Law,Taxation,,
ResearchGuidesSubcategoriesCategories,"Business, Finance and Innovation","Money, Business, Finance and Trade",Money and Finance,Land and Buildings,Taxes on land,Land and maps,
BlogCategories,"Business, Finance and Innovation","Science, Technology and Industry",Science and Technology,,Technology and innovation,,
ShopTags,Transport and Travel,Transport and Travel,Transport and Travel,,Titanic,,Disasters and emergencies
CatalogueTaxonomyTerms,"Business, Finance and Innovation","Money, Business, Finance and Trade",Money and Finance,Land and Buildings,Tithes,,
ResearchGuidesSubcategoriesCategories,Family and Identity,"People, Society and Culture","People, Society and Culture",,Tracing living people and electoral registration,Family history,
CatalogueTaxonomyTerms,International Trade and Affairs,"Money, Business, Finance and Trade",Trade and Industry,,Trade and commerce,,East India Company
ResearchGuidesSubcategoriesCategories,International Trade and Affairs,"Money, Business, Finance and Trade",Trade and Industry,,Trade and economy,Medieval and early modern history,
ASDTopics,Transport and Travel,Transport and Travel,Transport and Travel,,Transport,,
ResearchGuidesSubcategoriesCategories,Transport and Travel,Transport and Travel,Transport and Travel,,Transport and passengers,Social and cultural history,
ImageLibraryCategories,Transport and Travel,Transport and Travel,Transport and Travel,,Transport and travel,,
CatalogueTaxonomyTerms,Transport and Travel,Transport and Travel,Transport and Travel,,Transport management,,
CatalogueTaxonomyTerms,"Crime, Courts and Justice",Crime and Justice,Crime and Justice,The World,Transportation,,
CatalogueTaxonomyTerms,Transport and Travel,Transport and Travel,Transport and Travel,,Travel and tourism,,
CatalogueTaxonomyTerms,State and Citizens,State and Citizens,Oppression and Revolution,Politics and Law,Treason and rebellion,,
CatalogueTaxonomyTerms,International Trade and Affairs,State and Citizens,Politics and Law,The World,Treaties and alliances,,
CatalogueTaxonomyTerms,State and Citizens,State and Citizens,Politics and Law,Oppression and Revolution,Votes for women,,
ASDTopics,State and Citizens,The World,The World,,Wales,,
ASDTopics,War and Conflict,"Military, War and Conflict",War and Conflict,,War and Conflict,,
ResearchGuidesSubcategoriesCategories,War and Conflict,"Military, War and Conflict",War and Conflict,Crime and Justice,War crimes,Military and maritime,
ResearchGuidesSubcategoriesCategories,War and Conflict,"Military, War and Conflict",War and Conflict,Crime and Justice,War crimes,Second World War,
ResearchGuidesSubcategoriesCategories,War and Conflict,"Military, War and Conflict",War and Conflict,,Wars,Military and maritime,
ShopTags,War and Conflict,"Military, War and Conflict",War and Conflict,,Wars of the Roses,,"Operations, battles and campaigns"
ShopTags,War and Conflict,"Military, War and Conflict",War and Conflict,The World,Waterloo,,"Operations, battles and campaigns"
CatalogueTaxonomyTerms,War and Conflict,"Military, War and Conflict",War and Conflict,,Weapons,,
CatalogueTaxonomyTerms,Health and Welfare,Health and Welfare,Health and Welfare,,Welfare,,
ResearchGuidesSubcategoriesCategories,Family and Identity,"People, Society and Culture","People, Society and Culture",Money and Finance,Wills and death duties,"Criminals, courts and prisons",
ResearchGuidesSubcategoriesCategories,Family and Identity,"People, Society and Culture","People, Society and Culture",Money and Finance,Wills and death duties,Online collections,
CatalogueTaxonomyTerms,Family and Identity,"People, Society and Culture","People, Society and Culture",Money and Finance,Wills and probate,,
ResearchGuidesSubcategoriesCategories,Family and Identity,"People, Society and Culture","People, Society and Culture",Money and Finance,"Wills, inheritance and land ownership",Family history,
CatalogueTaxonomyTerms,Religion and Belief,Religion,Religion,,Witchcraft,,
ASDTopics,Family and Identity,"People, Society and Culture","People, Society and Culture",,Women's History,,
ShopTags,Family and Identity,"People, Society and Culture","People, Society and Culture",,Women's History,,
ShopTags,War and Conflict,"Military, War and Conflict",War and Conflict,,World War I,Military,Conscientious objection; Home Front; Remembrance; Zeppelins
ShopTags,War and Conflict,"Military, War and Conflict",War and Conflict,,World War II,Military,Battle of Britain; Bletchley Park; Blitz; Conscientious objection; D-Day; Dunkirk; Evacuees; POWs; Home Front; Home Guard; Remembrance; SOE
ShopTags,War and Conflict,"Military, War and Conflict",War and Conflict,,Zeppelins,,World War I